ID,Name,Email,D.O.B,Phone Number,Address,Country,Company,Job Title
1,John Doe,johndoe@example.com,1985-07-24,1234567890,123 Apple St.,USA,ABC Corp,Software Engineer
2,Jane Smith,janesmith@example.com,1990-05-17,0987654321,456 Pear Ave.,UK,XYZ Ltd,Data Analyst
3,Mustafa Kemal,mustafa.kemal@example.com,1988-09-13,1357924680,789 Orange Blvd.,Turkey,QRST Inc,Project Manager
4,Liu Wei,liu.wei@example.com,1978-02-28,2468135790,321 Banana Rd.,China,UVWX Tech,CEO
5,Ana María,anamaria@example.com,1994-12-31,8642097531,654 Cherry Lane,Spain,EFGH S.A.,Graphic Designer
6,Shinzo Tanaka,shinzo.tanaka@example.com,1981-11-23,7531598264,987 Kiwi Dr.,Japan,IJKL Co.,System Administrator
7,Oluwafemi Johnson,oluwafemi.johnson@example.com,1987-04-30,3579246810,213 Grape Loop,Nigeria,LMNO PLC,HR Manager
8,Alexandra Dumitru,alexandra.d@example.com,1992-10-14,1593572468,546 Pineapple St.,Romania,OPQR SRL,Marketing Specialist
9,Abdullah Al Harbi,abdullah.alharbi@example.com,1976-01-29,9123456780,789 Melon Ave.,Saudi Arabia,STUV LLC,Operations Manager
10,Marie Lambert,marie.lambert@example.com,1990-06-21,6789054321,321 Peach Blvd.,France,WXYZ SARL,Finance Manager